<?xml version="1.0" encoding="UTF-8"?>
<project-private xmlns="http://www.netbeans.org/ns/project-private/1">
    <editor-bookmarks xmlns="http://www.netbeans.org/ns/editor-bookmarks/2" lastBookmarkId="0"/>
    <open-files xmlns="http://www.netbeans.org/ns/projectui-open-files/2">
        <group>
            <file>file:/C:/Users/usuario/Desktop/Practica%204%20FINAL/Practica%204%20FINAL/centralizedgroups/src/ObjectGroup.java</file>
            <file>file:/C:/Users/usuario/Desktop/Practica%204%20FINAL/Practica%204%20FINAL/centralizedgroups/src/Client.java</file>
            <file>file:/C:/Users/usuario/Desktop/Practica%204%20FINAL/Practica%204%20FINAL/centralizedgroups/src/GroupMessage.java</file>
            <file>file:/C:/Users/usuario/Desktop/Practica%204%20FINAL/Practica%204%20FINAL/centralizedgroups/src/GroupServer.java</file>
            <file>file:/C:/Users/usuario/Desktop/Practica%204%20FINAL/Practica%204%20FINAL/centralizedgroups/src/SendingMessage.java</file>
        </group>
    </open-files>
</project-private>
